{
  "startLon": 106.003333,
  "startLat": -5.895000,
  "endLon": 114.4805968,
  "endLat": -3.6893812
}
